{
    "length2_overlap1_AR0": [
        0.14700353630909607,
        0.09035384381533747,
        0.09323798052987721,
        0.07806199441546322,
        0.050410581535964824,
        0.05747060033979401,
        0.02451397709433479,
        0.05023968692089199,
        0.3509069965621945,
        0.04836449171310977,
        0.0632850025602345,
        0.570203680244348,
        0.011124559604705889,
        0.015110050351948411,
        0.34538857794670974,
        0.1143091994057431,
        0.012601240124800928,
        0.08780135114231644,
        0.7045343830522579,
        0.13363479222548,
        0.042197100470242534,
        0.1367305349512095,
        0.017024903928232568,
        0.46015779447524957,
        0.2287168411822886,
        0.09392124790078786,
        0.15867645882425085,
        0.025047183080661683,
        0.009755960398237055,
        0.0012321313623353497
    ],
    "length3_overlap1_AR0": [
        0.19612017407145477,
        0.34348187576052286,
        0.0884792179976193,
        0.060884680194813766,
        0.0322637666199471,
        0.3321844956778965,
        0.16441742395351558,
        0.26489119858800514,
        0.05181305141069186,
        0.3073077008593439,
        0.2110110958940657,
        0.09075547053171683,
        0.8085796007296789,
        0.09178937712327367,
        0.2735523775205722,
        0.5642288144039432,
        0.26956299673390627,
        0.29646700185288544,
        0.2650474915910933,
        0.09948940859453685
    ],
    "length3_overlap2_AR0": [
        0.19612017407145477,
        0.08468603527096115,
        0.0998456979077342,
        0.09111917045533974,
        0.07675403663230733,
        0.3591221008899075,
        0.16851959497496466,
        0.2079061728573277,
        0.02387653832564191,
        0.3560865586500339,
        0.14746273561858875,
        0.4582659227735039,
        0.19330199730814582,
        0.29784860756631576,
        0.3605937905268904,
        0.4626189609560569,
        0.24038839380144747,
        0.4050447370596023,
        0.23945189764715683,
        0.008954139215441546
    ],
    "length4_overlap1_AR0": [
        0.20926262426477385,
        0.11855190696257427,
        0.45625099095947885,
        0.07676920879214931,
        0.35399767197767973,
        0.2744653979907278,
        0.056797259192644264,
        0.3702133733698784,
        0.09208322210861443,
        0.9670810823720362,
        0.44335219978866314,
        0.5849088873316695,
        0.4542815241462585,
        0.4190754881364105,
        0.25475481934853506
    ],
    "length4_overlap2_AR0": [
        0.20926262426477385,
        0.09284000878268425,
        0.09123421138977356,
        0.3111100930802619,
        0.2917210504440331,
        0.3791397484380033,
        0.15220461131273538,
        0.3231303191946028,
        0.7421719512485111,
        0.3130811532823875,
        0.30542742023777275,
        0.56726695726363,
        0.35497792135340545,
        0.2856164104275108,
        0.10319401228749947
    ],
    "length4_overlap3_AR0": [
        0.20926262426477385,
        0.09994089371022617,
        0.24280876009386315,
        0.4370902591931711,
        0.19844479535953335,
        0.3256819724106551,
        0.3080816958602299,
        0.5363083517847035,
        0.7897393165039476,
        0.27685726402985744,
        0.36927091552580077,
        0.6062656984588886,
        0.34141363951017295,
        0.2702330846032186,
        0.06591968604854549
    ],
    "length5_overlap1_AR0": [
        0.314696652241179,
        0.1063817821053904,
        0.2561354892356167,
        0.4315325040253079,
        0.38557738880102527,
        0.30834531604448184,
        0.5982841210625108,
        1.0525739884532745,
        0.6044583063991535,
        0.7339865291128924,
        0.5669717945137146,
        0.4239689316633771
    ],
    "length5_overlap2_AR0": [
        0.314696652241179,
        0.277310115061269,
        0.12608870194962205,
        0.5549394155552207,
        0.4698300613843951,
        0.39062331710963016,
        0.8882174275358029,
        0.998951913637317,
        0.382895827060306,
        0.6762665451784967,
        0.6447818267662302,
        0.2547666722655003
    ],
    "length5_overlap3_AR0": [
        0.314696652241179,
        0.462036601120079,
        0.312805792760109,
        0.3346290145959947,
        0.7087390525381356,
        0.40576633979579096,
        0.9570139603890152,
        0.3514903156827027,
        0.7803743504230427,
        0.6812089574761966,
        0.4731500975210736,
        0.1297459282214493
    ],
    "length5_overlap4_AR0": [
        0.314696652241179,
        0.545125961565164,
        0.4566518771316869,
        0.21387615335621113,
        0.21096962863332952,
        0.35570624759857605,
        0.9590458446164711,
        0.36381821404206977,
        0.744573830911499,
        0.5434362771742863,
        0.2897979735130507,
        0.11720028953199611
    ],
    "length6_overlap1_AR0": [
        0.26299854102050346,
        0.4874254739234291,
        0.4577771231932384,
        0.30240487850636244,
        0.30959075076218623,
        0.49707050910785694,
        1.074827792554297,
        0.7814924021072969,
        0.6275030641928354,
        0.8822449697387942
    ],
    "length6_overlap2_AR0": [
        0.26299854102050346,
        0.5568873756602554,
        0.48388392454990664,
        0.39458464862139037,
        0.3954074369455081,
        1.126031194221958,
        0.4097279742292831,
        0.7521068979967844,
        0.5870932485214667,
        0.42396038125945235
    ],
    "length6_overlap3_AR0": [
        0.26299854102050346,
        0.5128519832941818,
        0.4425922967068129,
        0.473054432359415,
        0.48244558478875393,
        1.1107497528189507,
        0.5539327171266992,
        0.7848801269527852,
        0.673216492892814,
        0.2652093808094203
    ],
    "length6_overlap4_AR0": [
        0.26299854102050346,
        0.32316013387273224,
        0.751738715066258,
        0.5245903518828698,
        0.45229172748392904,
        1.0677065680642388,
        0.645561249715703,
        0.7028053083329102,
        0.6526309389917242,
        0.17681581457803006
    ],
    "length6_overlap5_AR0": [
        0.26299854102050346,
        0.2859883637859281,
        0.5237611790481352,
        0.5218773718090287,
        0.5854509009594547,
        1.0632644318881053,
        0.6769301590545003,
        0.6842017915992962,
        0.4739674339832043,
        0.16409191757657593
    ],
    "length7_overlap1_AR0": [
        0.6389741680263002,
        0.874384537768823,
        0.7674718711088112,
        0.5469694004991066,
        0.6420336274444185,
        1.1294514961582285,
        0.7880559647420725,
        0.6760122868157775
    ],
    "length7_overlap2_AR0": [
        0.6389741680263002,
        0.600252022883716,
        0.7014506229555004,
        0.5928348981220503,
        0.9230365135605755,
        1.1289816596465039,
        0.8851875666661175,
        0.6764664408480587
    ],
    "length7_overlap3_AR0": [
        0.6389741680263002,
        0.3606358533001087,
        0.5388285416141487,
        0.3624508404517621,
        1.1592620616226434,
        0.5596037211244478,
        1.081081755616532,
        0.6541444508387769
    ],
    "length7_overlap4_AR0": [
        0.6389741680263002,
        0.41469406169034895,
        0.38879738102540545,
        0.3962844421653674,
        1.238214720369827,
        0.8313278315337082,
        0.7453840401740718,
        1.4198287937422662
    ],
    "length7_overlap5_AR0": [
        0.6389741680263002,
        0.47982965053125193,
        0.40102243164793155,
        0.5057785641696794,
        1.216984885289329,
        0.719725573538632,
        0.7240789190279635,
        1.1206209825246374
    ],