{
    "length2_overlap1_AR1": [
        0.14956065602468596,
        0.27772176566659507,
        0.1051817825204971,
        0.09582987569018692,
        0.15472115940277728,
        0.27769921979696216,
        0.08318980327601559,
        0.09453610462991303,
        0.3694975269013871,
        0.06297741211026016,
        0.1507157145105936,
        0.5873683445642123,
        0.01124642214795846,
        0.03773000261571089,
        0.3424290929970058,
        0.12830311960283755,
        0.07619825602952367,
        0.1671432232995216,
        0.7491745115108922,
        0.2277925491767522,
        0.11949395523246972,
        0.16328579475975402,
        0.05514043228179436,
        0.5223205213434083,
        0.29495391247241737,
        0.23498889780930293,
        0.17711546558270289,
        0.09461415747485662,
        0.12095059129232202,
        0.481895032636889
    ],
    "length3_overlap1_AR1": [
        0.19550932525498654,
        0.18431622552475843,
        0.1336993970284219,
        0.4565869966445115,
        0.0996241654021112,
        0.35608118708463776,
        0.5977410929676412,
        0.5528769462411028,
        0.07790888906527182,
        0.36098456998663747,
        0.22680147269418408,
        0.18240939438841777,
        0.9166671202065617,
        0.23712646664610987,
        0.2862368337740136,
        0.6123000939515855,
        0.27755899360883585,
        0.39732638622999095,
        0.3250391928294098,
        0.5918126601540584
    ],
    "length3_overlap2_AR1": [
        0.19550932525498654,
        0.13224789471884502,
        0.17667208644928167,
        0.10737047838227402,
        0.12039270268945358,
        0.3755230471155902,
        0.421856754957099,
        0.38947050323045845,
        0.08770280080807362,
        0.3425758434130822,
        0.4504202990435797,
        0.6422862122532319,
        0.49527177449143095,
        0.35393510083192675,
        0.3697096295900611,
        0.5494179510478151,
        0.33419917793612425,
        0.6352105490205443,
        0.28054947037740996,
        0.7103425760552946
    ],
    "length4_overlap1_AR1": [
        0.21993270868800885,
        0.15333861487995026,
        0.45652506504213214,
        0.13940833586139306,
        0.38291716280932003,
        0.5833777611888743,
        0.11773973332103228,
        0.3501798504700379,
        0.26068077323453637,
        1.0768617228968467,
        0.5738688013176134,
        0.6738737737583308,
        0.5468783415794838,
        0.664478058682539,
        0.813713647564866
    ],
    "length4_overlap2_AR1": [
        0.21993270868800885,
        0.14992177951168548,
        0.5815746949499416,
        0.37893711062065905,
        0.43699762270428244,
        0.619509997828574,
        0.18306494348795496,
        0.3313975704649392,
        0.8705204384764079,
        0.5988603521940534,
        0.3604523634273262,
        0.6380781901284657,
        0.42755819894314157,
        0.5615655791586672,
        1.0377259591303887
    ],
    "length4_overlap3_AR1": [
        0.21993270868800885,
        0.18304493190614937,
        0.3089200292354658,
        0.46369164264417045,
        0.48894576309279114,
        0.7936868911762811,
        0.3632675322733189,
        0.518075005793619,
        0.9153808788570093,
        0.48659072703296363,
        0.3817984928636135,
        0.6523816392817824,
        0.4447482006568404,
        0.3889295275849307,
        1.1526471030982668
    ],
    "length5_overlap1_AR1": [
        0.39614092488208097,
        0.19028272016358835,
        0.28962596327292506,
        0.44170356023551255,
        0.6493643229943176,
        0.3634049370521808,
        0.5777970118146635,
        1.1548911426637947,
        0.691783117927844,
        0.7817814502143455,
        0.7631685882883552,
        1.0665775936308117
    ],
    "length5_overlap2_AR1": [
        0.39614092488208097,
        0.3119811257371408,
        0.1727232187018414,
        0.7197633451230824,
        0.6821209499785844,
        0.4357146252788919,
        0.7679639619860866,
        1.1229672781168156,
        0.4261875930993217,
        0.6996825262111982,
        0.817904139056329,
        1.1744509297624228
    ],
    "length5_overlap3_AR1": [
        0.39614092488208097,
        0.4680104808202401,
        0.3779451211422395,
        0.6022109024837151,
        0.5833478616055074,
        0.42463617965697803,
        1.0516650154153386,
        0.6100419538242484,
        0.7778935136948789,
        0.754708281223526,
        0.6939603814908728,
        1.3477119056622595
    ],
    "length5_overlap4_AR1": [
        0.39614092488208097,
        0.5378602679512212,
        0.4961023830715708,
        0.6134122116620119,
        0.25090700831922186,
        0.3677503407261433,
        1.0700626916130733,
        0.5512202645762994,
        0.821273034572578,
        0.6328054945333713,
        0.5805484277262746,
        1.6332492300218429
    ],
    "length6_overlap1_AR1": [
        0.5686837980401538,
        0.5014822956049738,
        0.49962743393959913,
        0.6522106627014361,
        0.36397750502829473,
        0.848466285048704,
        1.1965057468483211,
        0.8570917156765535,
        0.7242345438775001,
        1.5582733283436927
    ],
    "length6_overlap2_AR1": [
        0.5686837980401538,
        0.5704890623208982,
        0.5218180024641488,
        0.6905359892089965,
        0.4415819848744613,
        1.2167074587173763,
        0.6738570461802977,
        0.8292220111191144,
        0.7943647224431395,
        1.2562604183736195
    ],
    "length6_overlap3_AR1": [
        0.5686837980401538,
        0.5546749487594504,
        0.4682888152714775,
        0.701219753321546,
        0.5114799881781047,
        1.215166155784283,
        0.7094909783479822,
        0.8570988004337468,
        0.863404305765133,
        1.30916967737418
    ],
    "length6_overlap4_AR1": [
        0.5686837980401538,
        0.3668358853125862,
        0.7554441749781043,
        0.713956446604498,
        0.46283155154281896,
        1.1799905718099306,
        0.726472903767987,
        0.7532596176791876,
        0.8241646204965815,
        1.5984313279262141
    ],
    "length6_overlap5_AR1": [
        0.5686837980401538,
        0.32076157318945814,
        0.7450478459033765,
        0.6224748137590473,
        0.5850921449774306,
        1.168677464924258,
        0.7466509882454871,
        0.758409581507041,
        0.7065243901320228,
        1.6639243975175868
    ],
    "length7_overlap1_AR1": [
        0.637718451977407,
        0.8495271195337172,
        0.7808579071975122,
        0.7241104879653444,
        0.659786804953831,
        1.2396507885888615,
        0.8634915696629606,
        0.880562985366559
    ],
    "length7_overlap2_AR1": [
        0.637718451977407,
        0.7023837183098502,
        0.8945685471210459,
        0.6736760013091455,
        0.9113957382588722,
        1.2067716546339455,
        0.9483910447536175,
        0.8661382936599544
    ],
    "length7_overlap3_AR1": [
        0.637718451977407,
        0.3958876263001371,
        0.8222080934675046,
        0.41079545974925696,
        1.2693448013495405,
        0.8189800351943648,
        1.0712853029299987,
        0.8390712254834662
    ],
    "length7_overlap4_AR1": [
        0.637718451977407,
        0.48874149849842263,
        0.7120139867228662,
        0.44307983729251427,
        1.3200754120747968,
        0.9208872287770116,
        0.8234485551478226,
        1.8641200157264823
    ],
    "length7_overlap5_AR1": [
        0.637718451977407,
        0.5241022979437122,
        0.7025955164324637,
        0.5371555540517834,
        1.3171513612420966,
        0.7846757426707309,
        0.7970140664498062,
        1.7225376077927343
    ],