{
    "length2_overlap1_AR1": [
        0.14956065602468596,
        0.27769921979696216,
        0.1507157145105936,
        0.12830311960283755,
        0.11949395523246972,
        0.23498889780930293,
        0.0014635301335303229,
        0.0014635301335303229,
        0.0014635301335303229,
        0.0014635301335303229,
        0.0014635301335303229,
        0.0014635301335303229,
        0.0014635301335303229,
        0.0014635301335303229,
        0.0014635301335303229,
        0.0014635301335303229,
        0.0014635301335303229,
        0.0014635301335303229,
        0.0014635301335303229,
        0.0014635301335303229,
        0.0014635301335303229,
        0.0014635301335303229,
        0.0014635301335303229,
        0.0014635301335303229,
        0.0014635301335303229,
        0.0014635301335303229,
        0.0014635301335303229,
        0.0014635301335303229,
        0.0014635301335303229,
        0.0014635301335303229
    ],
    "length3_overlap1_AR1": [
        0.19550932525498654,
        0.10737047838227402,
        0.505399506506395,
        0.22680147269418408,
        0.35393510083192675,
        0.30588751701933553,
        0.0011060455253490752,
        0.0011060455253490752,
        0.0011060455253490752,
        0.0011060455253490752,
        0.0011060455253490752,
        0.0011060455253490752,
        0.0011060455253490752,
        0.0011060455253490752,
        0.0011060455253490752,
        0.0011060455253490752,
        0.0011060455253490752,
        0.0011060455253490752,
        0.0011060455253490752,
        0.0011060455253490752
    ],
    "length3_overlap2_AR1": [
        0.19550932525498654,
        0.11003453858314606,
        0.5528769462411028,
        0.4504202990435797,
        0.2968611951863504,
        0.39732638622999095,
        0.0011060455253490752,
        0.0011060455253490752,
        0.0011060455253490752,
        0.0011060455253490752,
        0.0011060455253490752,
        0.0011060455253490752,
        0.0011060455253490752,
        0.0011060455253490752,
        0.0011060455253490752,
        0.0011060455253490752,
        0.0011060455253490752,
        0.0011060455253490752,
        0.0011060455253490752,
        0.0011060455253490752
    ],
    "length5_overlap1_AR1": [
        0.39614092488208097,
        0.28962596327292506,
        0.6493643229943176,
        0.5777970118146635,
        0.691783117927844,
        0.7631685882883552,
        0.0026794583764499762,
        0.0026794583764499762,
        0.0026794583764499762,
        0.0026794583764499762,
        0.0026794583764499762,
        0.0026794583764499762
    ],
    "length5_overlap2_AR1": [
        0.39614092488208097,
        0.1727232187018414,
        0.6821209499785844,
        0.7679639619860866,
        0.4261875930993217,
        0.817904139056329,
        0.0026794583764499762,
        0.0026794583764499762,
        0.0026794583764499762,
        0.0026794583764499762,
        0.0026794583764499762,
        0.0026794583764499762
    ],
    "length5_overlap3_AR1": [
        0.39614092488208097,
        0.3779451211422395,
        0.5833478616055074,
        1.0516650154153386,
        0.7778935136948789,
        0.6939603814908728,
        0.0026794583764499762,
        0.0026794583764499762,
        0.0026794583764499762,
        0.0026794583764499762,
        0.0026794583764499762,
        0.0026794583764499762
    ],
    "length5_overlap4_AR1": [
        0.39614092488208097,
        0.4961023830715708,
        0.25090700831922186,
        1.0700626916130733,
        0.821273034572578,
        0.5805484277262746,
        0.0026794583764499762,
        0.0026794583764499762,
        0.0026794583764499762,
        0.0026794583764499762,
        0.0026794583764499762,
        0.0026794583764499762
    ],
    "length6_overlap1_AR1": [
        0.5686837980401538,
        0.32076157318945814,
        0.701219753321546,
        0.848466285048704,
        0.7466509882454871,
        0.863404305765133,
        0.0026866716039074066,
        0.0026866716039074066,
        0.0026866716039074066,
        0.0026866716039074066
    ],
    "length6_overlap2_AR1": [
        0.5686837980401538,
        0.3950871890052163,
        0.713956446604498,
        1.2167074587173763,
        0.7931251638069853,
        0.8241646204965815,
        0.0026866716039074066,
        0.0026866716039074066,
        0.0026866716039074066,
        0.0026866716039074066
    ],
    "length6_overlap3_AR1": [
        0.5686837980401538,
        0.49962743393959913,
        0.6224748137590473,
        1.215166155784283,
        0.8570917156765535,
        0.7065243901320228,
        0.0026866716039074066,
        0.0026866716039074066,
        0.0026866716039074066,
        0.0026866716039074066
    ],
    "length6_overlap4_AR1": [
        0.5686837980401538,
        0.5218180024641488,
        0.2753873629439724,
        1.1799905718099306,
        0.8292220111191144,
        1.6696393778639183,
        0.0026866716039074066,
        0.0026866716039074066,
        0.0026866716039074066,
        0.0026866716039074066
    ],
    "length6_overlap5_AR1": [
        0.5686837980401538,
        0.4682888152714775,
        0.36397750502829473,
        1.168677464924258,
        0.8570988004337468,
        1.5582733283436927,
        0.0026866716039074066,
        0.0026866716039074066,
        0.0026866716039074066,
        0.0026866716039074066
    ],
    "length10_overlap1_AR1": [
        0.693109485687778,
        0.6936413907570403,
        0.9101594075619545,
        1.552940806882932,
        1.1673503684353592,
        2.229920842845274
    ],
    "length10_overlap2_AR1": [
        0.693109485687778,
        0.8339171528755661,
        0.8825435202050607,
        1.537131991950209,
        1.1821516472539566,
        2.733662933134021
    ],
    "length10_overlap3_AR1": [
        0.693109485687778,
        1.2282723661876562,
        0.8863317663307263,
        1.4652374291672041,
        1.5720298687709755,
        2.3208857177751807
    ],
    "length10_overlap4_AR1": [
        0.693109485687778,
        1.2564911228693698,
        0.6639558490196141,
        1.3794764877145682,
        1.371607728303417,
        2.1246562330392353
    ],
    "length10_overlap5_AR1": [
        0.693109485687778,
        1.1362903387785068,
        0.9710715906701501,
        1.3396173448401807,
        1.2197465363253666,
        2.249267840537896
    ],
    "length10_overlap6_AR1": [
        0.693109485687778,
        0.9906612743402116,
        1.0747974293489655,
        1.356058047049842,
        1.112261748498722,
        2.2948152725917366
    ],
    "length10_overlap7_AR1": [
        0.693109485687778,
        0.8854085670599754,
        1.196109355857304,
        1.349068938610908,
        1.1302602157091428,
        2.854887532354518
    ],
    "length10_overlap8_AR1": [
        0.693109485687778,
        0.8176884770420677,
        1.44794868971013,
        1.2836316310336584,
        1.1311910063007116,
        2.861798853797574
    ],
    "length10_overlap9_AR1": [
        0.693109485687778,
        0.8072584892296322,
        1.4588978466688973,
        1.3008360023858905,
        0.9871364534852916,
        2.542561110258483
    ],
    "length12_overlap1_AR1": [
        0.7237840764411867,
        1.240761285629402,
        1.0888939269344209,
        1.5927548702390464,
        1.9425601240161752
    ],
    "length12_overlap2_AR1": [
        0.7237840764411867,
        1.3326696839930092,
        1.0251625007102445,
        1.5872363482629088,
        1.7817823233313945
    ],
    "length12_overlap3_AR1": [
        0.7237840764411867,
        1.3188831541580222,
        1.191677945697047,
        1.5224662157446778,
        1.5993081446762374
    ],
    "length12_overlap4_AR1": [
        0.7237840764411867,
        1.2271205116257595,
        1.1306629561034596,
        1.4381632736617098,
        1.5231340831373452
    ],