{
    "length2_overlap1_AR2": [
        0.014614563175401753,
        0.27574401404400795,
        0.0578133494751596,
        0.11085770017894615,
        0.0408341500256011,
        0.09101043988979125,
        0.00113305361881538,
        0.00113305361881538,
        0.00113305361881538,
        0.00113305361881538,
        0.00113305361881538,
        0.00113305361881538,
        0.00113305361881538,
        0.00113305361881538,
        0.00113305361881538,
        0.00113305361881538,
        0.00113305361881538,
        0.00113305361881538,
        0.00113305361881538,
        0.00113305361881538,
        0.00113305361881538,
        0.00113305361881538,
        0.00113305361881538,
        0.00113305361881538,
        0.00113305361881538,
        0.00113305361881538,
        0.00113305361881538,
        0.00113305361881538,
        0.00113305361881538,
        0.00113305361881538
    ],
    "length3_overlap1_AR2": [
        0.1936902710344043,
        0.09191144935700825,
        0.2102168380104897,
        0.2056566650256844,
        0.32601469003800226,
        0.20452282302672314,
        0.0017574975526632257,
        0.0017574975526632257,
        0.0017574975526632257,
        0.0017574975526632257,
        0.0017574975526632257,
        0.0017574975526632257,
        0.0017574975526632257,
        0.0017574975526632257,
        0.0017574975526632257,
        0.0017574975526632257,
        0.0017574975526632257,
        0.0017574975526632257,
        0.0017574975526632257,
        0.0017574975526632257
    ],
    "length3_overlap2_AR2": [
        0.1936902710344043,
        0.08926288061024595,
        0.2559271874519593,
        0.40091697883392624,
        0.21060901624462416,
        0.28742991673892404,
        0.0017574975526632257,
        0.0017574975526632257,
        0.0017574975526632257,
        0.0017574975526632257,
        0.0017574975526632257,
        0.0017574975526632257,
        0.0017574975526632257,
        0.0017574975526632257,
        0.0017574975526632257,
        0.0017574975526632257,
        0.0017574975526632257,
        0.0017574975526632257,
        0.0017574975526632257,
        0.0017574975526632257
    ],
    "length5_overlap1_AR2": [
        0.39125635368291267,
        0.2942733369131035,
        0.5980888350503116,
        0.5714639395516352,
        0.6000075516181579,
        0.6248082693790502,
        0.002679128068970193,
        0.002679128068970193,
        0.002679128068970193,
        0.002679128068970193,
        0.002679128068970193,
        0.002679128068970193
    ],
    "length5_overlap2_AR2": [
        0.39125635368291267,
        0.18527828698660567,
        0.498724425860973,
        0.7946487124908553,
        0.39161559047169864,
        0.8028968614070278,
        0.002679128068970193,
        0.002679128068970193,
        0.002679128068970193,
        0.002679128068970193,
        0.002679128068970193,
        0.002679128068970193
    ],
    "length5_overlap3_AR2": [
        0.39125635368291267,
        0.3402352747985491,
        0.4886476127913937,
        0.9674373502968102,
        0.7783516519691384,
        0.6561620804012359,
        0.002679128068970193,
        0.002679128068970193,
        0.002679128068970193,
        0.002679128068970193,
        0.002679128068970193,
        0.002679128068970193
    ],
    "length5_overlap4_AR2": [
        0.39125635368291267,
        0.4925585330675261,
        0.21390492528076152,
        1.0535505495924689,
        0.7258620160441618,
        0.3861013077020665,
        0.002679128068970193,
        0.002679128068970193,
        0.002679128068970193,
        0.002679128068970193,
        0.002679128068970193,
        0.002679128068970193
    ],
    "length6_overlap1_AR2": [
        0.5615336070194326,
        0.34397405616467674,
        0.6548715997915809,
        0.8622829914376168,
        0.673624829658378,
        0.8215509894540393,
        0.0026864172192864514,
        0.0026864172192864514,
        0.0026864172192864514,
        0.0026864172192864514
    ],
    "length6_overlap2_AR2": [
        0.5615336070194326,
        0.36131953774700315,
        0.5689482141722054,
        1.123934078629505,
        0.776374468904676,
        0.8089458105130493,
        0.0026864172192864514,
        0.0026864172192864514,
        0.0026864172192864514,
        0.0026864172192864514
    ],
    "length6_overlap3_AR2": [
        0.5615336070194326,
        0.49772483766377557,
        0.5213345176995894,
        1.2036865819550222,
        0.7721966073236887,
        0.6688117619650523,
        0.0026864172192864514,
        0.0026864172192864514,
        0.0026864172192864514,
        0.0026864172192864514
    ],
    "length6_overlap4_AR2": [
        0.5615336070194326,
        0.5141400765871903,
        0.25884603540519047,
        1.1577637459252386,
        0.8165705926671548,
        1.3646555089616363,
        0.0026864172192864514,
        0.0026864172192864514,
        0.0026864172192864514,
        0.0026864172192864514
    ],
    "length6_overlap5_AR2": [
        0.5615336070194326,
        0.4540718941501718,
        0.3501672060077207,
        1.1432838130043486,
        0.8514573478761552,
        0.9763404641649083,
        0.0026864172192864514,
        0.0026864172192864514,
        0.0026864172192864514,
        0.0026864172192864514
    ],
    "length10_overlap1_AR2": [
        0.6849203540884942,
        0.6942836744631217,
        0.8777747449374039,
        1.5299254322069273,
        1.1478705330680234,
        2.227605016784834
    ],
    "length10_overlap2_AR2": [
        0.6849203540884942,
        0.8261464726831365,
        0.805578456568268,
        1.514160432100625,
        1.1742737171662636,
        2.843432849651771
    ],
    "length10_overlap3_AR2": [
        0.6849203540884942,
        1.1875571812022758,
        0.8394126504463295,
        1.4495107911233247,
        1.5075971262529457,
        2.821755699841133
    ],
    "length10_overlap4_AR2": [
        0.6849203540884942,
        1.2257161128293175,
        0.6581200836118855,
        1.3621272178729227,
        1.307690214601432,
        3.337297539168502
    ],
    "length10_overlap5_AR2": [
        0.6849203540884942,
        1.1245902959969054,
        0.9710301449987601,
        1.3257743628036136,
        1.1820284341141323,
        3.202113942906483
    ],
    "length10_overlap6_AR2": [
        0.6849203540884942,
        1.0698220089225734,
        1.0663541924415558,
        1.3398339918602429,
        1.0681454859742767,
        2.854894760274824
    ],
    "length10_overlap7_AR2": [
        0.6849203540884942,
        0.9167179398032647,
        1.190276391090521,
        1.2552465825965762,
        1.0977895894287135,
        2.9342135507662044
    ],
    "length10_overlap8_AR2": [
        0.6849203540884942,
        0.8145253813723113,
        1.3836871527004855,
        1.2467255367975725,
        1.097330618854868,
        2.8291866282379363
    ],
    "length10_overlap9_AR2": [
        0.6849203540884942,
        0.79395245395825,
        1.4586077643681672,
        1.2617249034921911,
        0.9366704471063962,
        2.2498492788458955
    ],
    "length12_overlap1_AR2": [
        0.7094765664174424,
        1.2563159218744404,
        1.0700328366266991,
        1.5770855959985601,
        1.8953836263472055
    ],
    "length12_overlap2_AR2": [
        0.7094765664174424,
        1.3127930093053872,
        0.9672075971491906,
        1.5709030736549445,
        1.7185482322402477
    ],
    "length12_overlap3_AR2": [
        0.7094765664174424,
        1.2957554130867146,
        1.1672717365096652,
        1.5063338377702886,
        1.534959019325877
    ],
    "length12_overlap4_AR2": [
        0.7094765664174424,
        1.2126888427647917,
        1.1273925607851014,
        1.4246625329731466,
        1.4422269121943998
    ],