{
    "length2_overlap1_AR2": [
        0.014614563175401753,
        0.08636972345551877,
        0.09280899470411594,
        0.07569701202988284,
        0.04908477230140603,
        0.27574401404400795,
        0.023486597908295458,
        0.04862596244062713,
        0.3425128945396559,
        0.046828775436376584,
        0.0578133494751596,
        0.568342248600611,
        0.010773475283201977,
        0.014620949432902987,
        0.14255658306469002,
        0.11085770017894615,
        0.012208013927967344,
        0.08433514769201277,
        0.6757095951030143,
        0.11948934667812791,
        0.0408341500256011,
        0.1325681271524412,
        0.016542967068125483,
        0.4443437070876636,
        0.3091621773313461,
        0.09101043988979125,
        0.15347611042327228,
        0.024239919468703037,
        0.008897509629768029,
        0.001180732587518729
    ],
    "length3_overlap1_AR2": [
        0.1936902710344043,
        0.16762093723635665,
        0.08624212642118086,
        0.35966663210392674,
        0.06061177097346125,
        0.3569676062882458,
        0.17063467662076529,
        0.2559271874519593,
        0.06243028390162873,
        0.3211239460763053,
        0.2056566650256844,
        0.21749604109434015,
        0.7882949498068506,
        0.0891723753571912,
        0.2653661277345395,
        0.5538678812173602,
        0.26436419247309856,
        0.28742991673892404,
        0.25710521364389755,
        0.7317002445313535
    ],
    "length3_overlap2_AR2": [
        0.1936902710344043,
        0.0830506545205481,
        0.09684667007164312,
        0.09191144935700825,
        0.0973183998327157,
        0.3524593730041164,
        0.3703025691773957,
        0.25458619944793226,
        0.02724954144306784,
        0.34152546016774665,
        0.40091697883392624,
        0.451378184611989,
        0.19245017936750605,
        0.32601469003800226,
        0.3497495419214586,
        0.46187797730114977,
        0.23639954973850796,
        0.3924745701896742,
        0.2704353048663242,
        0.06099517687757583
    ],
    "length4_overlap1_AR2": [
        0.21497119056378025,
        0.1313448464949197,
        0.4632544972693412,
        0.1373276139568356,
        0.3464275791447075,
        0.5382946439447811,
        0.06453351975945239,
        0.3433984245189876,
        0.7204601678811612,
        0.9432148526202524,
        0.4373026644140294,
        0.5843880292092108,
        0.46022014980900383,
        0.6098629043348972,
        0.5402660863116799
    ],
    "length4_overlap2_AR2": [
        0.21497119056378025,
        0.09778104126125871,
        0.11566930143178308,
        0.32023537300018307,
        0.3098813113813577,
        0.3963208769329326,
        0.17415875375780163,
        0.31761779601528245,
        0.7289963670419172,
        0.4687876023375066,
        0.3092490482305775,
        0.6355404118534577,
        0.41824846071450267,
        0.3196700202238741,
        0.9972090057897172
    ],
    "length4_overlap3_AR2": [
        0.21497119056378025,
        0.09858644213756855,
        0.27685251237575653,
        0.44001167358984017,
        0.4497049708441827,
        0.4139047520408842,
        0.3165176053046034,
        0.5284724625902365,
        0.90508713874413,
        0.3945857045272032,
        0.37361062400545714,
        0.6210694879104226,
        0.42251851520673156,
        0.3045179133349489,
        1.0698161937173942
    ],
    "length5_overlap1_AR2": [
        0.39125635368291267,
        0.11230210522709573,
        0.2942733369131035,
        0.4307839794261294,
        0.5980888350503116,
        0.3350386440435166,
        0.5714639395516352,
        1.1107500486877022,
        0.6000075516181579,
        0.7334455916564323,
        0.6248082693790502,
        0.984817970510342
    ],
    "length5_overlap2_AR2": [
        0.39125635368291267,
        0.3032864834224327,
        0.18527828698660567,
        0.7060314401715236,
        0.498724425860973,
        0.42972176733886314,
        0.7946487124908553,
        0.9845842971933144,
        0.39161559047169864,
        0.6867296866178719,
        0.8028968614070278,
        1.1911651671832606
    ],
    "length5_overlap3_AR2": [
        0.39125635368291267,
        0.463503009889151,
        0.3402352747985491,
        0.5651914579191958,
        0.4886476127913937,
        0.41320448076558297,
        0.9674373502968102,
        0.5374611440428785,
        0.7783516519691384,
        0.6986773776583505,
        0.6561620804012359,
        1.7775763425533426
    ],
    "length5_overlap4_AR2": [
        0.39125635368291267,
        0.5320166698464026,
        0.4925585330675261,
        0.6297294309718168,
        0.21390492528076152,
        0.35947173543114397,
        1.0535505495924689,
        0.4833414003392136,
        0.7258620160441618,
        0.5760141663400384,
        0.3861013077020665,
        1.8322623655655852
    ],
    "length6_overlap1_AR2": [
        0.5615336070194326,
        0.49595925805559116,
        0.49772483766377557,
        0.6397373107725525,
        0.3501672060077207,
        0.8622829914376168,
        1.0603920254801371,
        0.7721966073236887,
        0.6807850965238015,
        0.9763404641649083
    ],
    "length6_overlap2_AR2": [
        0.5615336070194326,
        0.5626188275757211,
        0.5141400765871903,
        0.6660984489362358,
        0.44048557649067843,
        1.123934078629505,
        0.578036313072183,
        0.8165705926671548,
        0.6799317571897022,
        1.4326849349163018
    ],
    "length6_overlap3_AR2": [
        0.5615336070194326,
        0.5591205952226708,
        0.4540718941501718,
        0.6548715997915809,
        0.5090040148109292,
        1.2036865819550222,
        0.6749780820588939,
        0.8514573478761552,
        0.8215509894540393,
        1.8426472043903046
    ],
    "length6_overlap4_AR2": [
        0.5615336070194326,
        0.3729690291052412,
        0.7177299447000547,
        0.5689482141722054,
        0.4512711349298804,
        1.1577637459252386,
        0.6981498654680692,
        0.7579017917367353,
        0.8089458105130493,
        2.4858580980533374
    ],
    "length6_overlap5_AR2": [
        0.5615336070194326,
        0.34397405616467674,
        0.7269589127177898,
        0.5213345176995894,
        0.5931861224404482,
        1.1432838130043486,
        0.673624829658378,
        0.727769306753701,
        0.6688117619650523,
        2.240090066679614
    ],
    "length7_overlap1_AR2": [
        0.6305661356308893,
        0.8755735596463036,
        0.766666952214948,
        0.6172091664678544,
        0.6505490473021251,
        1.2246143096785143,
        0.8540505781437139,
        0.8568251336748898
    ],
    "length7_overlap2_AR2": [
        0.6305661356308893,
        0.7274936271086858,
        0.8519121301046715,
        0.5876146291130857,
        0.9107057858222579,
        1.0965330157162205,
        0.9355198662737619,
        0.831693358373816
    ],
    "length7_overlap3_AR2": [
        0.6305661356308893,
        0.46608811425210456,
        0.9442316448577325,
        0.3948539629115088,
        1.164529961405147,
        0.7483690807708815,
        1.0735866831355432,
        0.8191115860636645
    ],
    "length7_overlap4_AR2": [
        0.6305661356308893,
        0.4912076788223203,
        0.7010504625717648,
        0.44284394775866787,
        1.312398232840355,
        0.8888248880795739,
        0.7797227903201036,
        1.6985611444087618
    ],
    "length7_overlap5_AR2": [
        0.6305661356308893,
        0.5304716750604517,
        0.7057066828579076,
        0.5340450014982455,
        1.2979803568575707,
        0.7582787170947276,
        0.7796091691378627,
        1.3778017498193713
    ],